ID,Species,Sequence,Resistance
Sample_1,Pseudomonas aeruginosa,GACATGTGGCCTGCACCACCCTAGGGCTCCCTAAGGTTTCTTGCTAGTGATGCGGCGAGAGATAAACAAATGTGAAACAGGCGTATCCATTTAAGCCGGATCGTTAGCCTCGGTTCCCAATGTAAAAGCCACAACTGATACGAACATTTAGTGGCAACTAACTGATCCGGCTGCGATTGACTTAATACCGCACCCGTGTACTGTATGTCGAACGACGGTACTCGCGGACACGATCTAGAGAAATTATTACCGCCCCTGCGCTTAGATCTTAATTCCGGGGAGGTATGGGTAGGTATGGGACCCAGAATTCTGCTGGAGTTCATCTTAAGCGGGCACCTATTCAGCAGATTATCCCTTACACATAGTGTACCTCCCTATGCCGCGCCGGACCGCTACGCGCCAGTTGACCTCCACTGGGCACCCTATTTAGTTGATCGGAGGTACAATTCAGCTACGATTTACGACAAGAAGCCTCCGATCATAAACGCATTAAATTCAACGACCCCTGAACCGTGACAAGCCCTGATCTAATCGCTCGTAGTAGTTCAGCTCTAATTCAGAGGGATTGCAAGCCACGGATGTATACGTTCAGTATCCGCTGTGTGCTACTTTAGCGCGTTTCTGAGGAAAAAGGTACGTCCAACTTAGGGCGTGCGAATTCTCCTACAGTAGAGATTGCATCTCCGTACAAATAATTACTCGATTTGGTAGCGTCAAGTGCGCCCAGGCCCTACTATTTACCTATCGGTAGACTCTTATGCGCAAATTATGTCAAATGAAAGGTCTAGAAGTAAAAGGTATGGAAAATAGGGTGATAAAGAGAACCGCGTTAAACTCATAGTACTAGCGCAGCAAATGGCCATGGCCGTGCAATAACGGCGACAAGCACAGACGCCGCCGTAACATTAATTTCACTCCTCTGCCCAATCAGACGAAGCAGATCCTTTATCAATGCGCGCTATGTGGGAGATACCGTTTTTCCTAAACTCACAAATAACGCTTATTGGGCCCTATCTCCCTAATATCCCGCAACGAGGATGATCTAAGGCGCATCTGAATGACGATATTCGGGGCAGAGTGGGTTTCACTTACAGGCGTTGCAAAAAAGCCACAGTGGGATCTTAGTTGCAATGTGGGCTGAAGAACTCAGAGGGATTCTTAGTAGATCGCCGAAAGAATCCCTAGCGCCGATTTCAAATGCAGTATGATAACTAAGACGACTGAATGTGAGATGAACATCTGAAAACAGAGTTTCAAGTTCAATCCGCCTTCGATTGCTCCCATCACAGAGACTTCACTGAGGCTGCAGCGTTCGAGAGAATGGATCGTCGAGAGACGAGCGTGACGAGGCATTGTCGGGTGCACCTATGCGGTTTTGGATGCCCTCTGGTACATTATTTAAAATAGCGTACATTACTCTACAACCGTTGCCTCCCAAGATTTTTGAGTGATATACTATCATCTTTGTTGCGCACCGCTACGACCTGATCCTCATAATAGACTGTCCTGATTGCTTGCACGTCCGCGTCCTCTCACGTGGTAGTCAGGTATGTTTAAAGAACTTGGTACGACTTTTACCAGCTCCCGGCTAGGTGTAGTAGGAGCTACCCGCTACCGGTCTGTAAACGGGCGTGGAAACAAGCAGGTCTTTACAATAACGGAACAGCGGACCACAATTATACGACATGATGGAAAACTACCGCCAATACAACCTGCAGGTTCCTATACAAGCCCCTTGTTCCAAGATTCAGAGCAACCGGGAGAACGGGGCCCAGTGTGCGCCATAGTTCCAATGAACCGTAGCGAAAGGATGTATATGCCTACCGGGTAGAACAAAGATTAATCTCGTACAAGGCACTTGCCAAGGGACCAGTGTTGGTGTTTCACTACTTGTACGCAGAGGAAACCCCAATTAGACCGATGAAAGGTATGTGATTAAGTTACTACGCGCGAACTCCCTGATATGCTCCCTGAGGGTGGTCCTAATTGAGGCACTGGCACACAAAGTGTGGTGGTTATATATCGGAACGCTACGGACTCAATTGGACACTCCCAGAGTTTCGCCTAATGCCTTGAACGTACTACTAAATTAGTCGTTGACGTTTGGCTTTCAGCTGGACGAACCAGACCGTTCGATAGCTTTTTTTGCTATTCGCCAATGCGCTGAATTAGGAACATGAACTCCACTGCCATTCATGTATTAACTTGTTCGACTGGCCGAATGCGACTCTTTCGTTGACTACAAAATATCGAGGATTTTTGATACTTCTAACTCCGCGTACTTGTTAATTCGTGCACGGCTACAGACCGGGCATTAAAGGCCTGCCATTTCTCTCCAATATCGCCCGTATTTCGCGACATTCGCGCCTTATCTCACATACAACGTTCGACTGAGGGAACACAGGGATATGATCCTGATTCTATGATCTAAAAGCTGTAAAGTCAACCAGCGCATTCTGCGTACTTCGGGTAATTTGGATGACGGTCGTAAACCCTATGCGGCTTACAGAATAACGCTGCCTTGCATACGATCAACATCCTGGCTTGACTTGGGAACCGGTGCGCCCCGCCATATAACCATCCTAAGTCATCAGTCGCGATGATCTAGATATTAGATAGGCGAGGGAGAGGATTCCGACACGTTTACTCCTGTCGCCAGCAACCATGCCAAGCCGCAGTAGGCTGGACGAATCAAGAATCACTGAACCAGTGCCACAATCAATGCTGATTCATGGAGTACAGCTTTGAGTACCTGAAGCGTATCGAGAGAGGGGGAGTAAGGGTTTCCAATAAATGCGATGTCAGTAGTTGCCTCATGTGGAGGATCAGGATATCTTCTTCCGCTACACAGGTCCCCACACCTGCGGTCGATATGCGGTTCGAATGAACCGGTCGTTCTGCCAGAATCAACCGTAAGAACCAGGTACTGTCAGCCCCGTCTACACGGTAGACTCAGGATTCGGCCTAGGCGTTCCTGCAGTCTTGAGTGGGACCCGCGCAGGATCGATGGACCTCAGACACATGCTTGATATTGCTGTGCCTGAGCCTTACTAGACACACAGGACCTATGTAACAATGGCATGTGGGGAGTAAGCGTGAGTGGCACGAGGAGAAGATTTCGTAAAGCATGAGTGATCCAGTATCGGGAAAGTTTGACGAGGCGTACCGTAAAGGTCGCCTCGACCTCGCTTGCTGGAGAATTCACACACCTGTTCTCTTTACAGTAGCGTGGCAGTCACGGGGCTGTAGTACAACTCGTTGGCGTTAATTGCTGGTTACAGCTCGACGGGAACGCATCGCGCAATTGACTAGCGACTTTTGTCAGGAATCATGCCAATAAATAAGGACGGTGAAAAATTTGATCTCCATGGCAGGAGGCGTATTTATCCGGCCATGGCACCGGGTAATGTTACCTAACTAAAGCATAGTACGTTCTCCCTAAGGTAAATGCACATTTGACGGGCAATAAGCTAGCGCATTCGTATTAAAAGAGTGAACGGGCAAGTCTTTTGCGTACAAGAGGTAGTAATTGGCAGATCAGGATGGGCTCAGGATAACCAGTGTCATATCTAATGATCTCCGTACGTATTCGGGAAACGACTATTATTCTACTACGTATCTCGTCGATCTTTCAACATGCAGCGCATTGGATCATAGAGGAATGACGGTGGGAATGTATAGAGTATTATGAGGGCATAAGAGATGCAATAAATTTCATCGGGTCAACGGTACGCTGTGATTTATCCAACAACCAGAGGGTGGGCCAAAAGTAAATCGAGCGTAATCAACATAAAACACATATTAGAAGACGCGCAATCACCCCCGGAGTTTGAAATTCGGCTAGGGGATATGGATGTGGGCCGATAGATTGTGTTCTGTGTTGGTATGCTTAACTCTGGATAAGAAAGTTCGAACTCGCGATCGCTTCTCATGATCCGTGACTGACATCTGATTTCTGACCGCGCGTGATGTATGCTAATTGGTCCGTTTGTCTTACAGGGATGAGGTGCACCAGCGTTTGCAGCAGCGACTCCACATTGTCCACGTTAGCTTGCTCTTATATACGATGGCGACGCGTTCCGGTGTTCAGGCAAGTATGCGTCACAAAGTCCTTTCGAGTGACCAGACAGGCTTGGGGCTGTCCTGTCCCGGGGCAGTGAACACATTCGAGAGCACACCAGACTAGGTACCTGTCCCCACCGAGGTATCCGGCCCGTCTTGGCGGTATTGTATACCACGGCAGAGTCTTAAACACCAGCATCAAGCTTTCACAAAGAAGTTCAAAATCACGCGTCTATCGTCCGTATGTATGATAAGATCTCGAGTGCCAAAGTGAACCACAACAGGTGCATGATAGGGGATCTAATACCGGATAAGCTTGCTAAGTAGCAGAGCGGACAAAGCAGGTCGGAAGATCATGTTAAACCAGAGTCGCTAGCTCTAAGCCCTCTCATCAATAACGAAAGCCGCTTGGCTAGGGTCTGGCACGTTTAAGTTGTCACGGACGTCAAATGCTCAGATCTAGGATCTACTGTTAATACGGCCGACAATGCCCCTACGATCGGACTATGGCTGCCCCCGAGCAACATAAAAGGACGACCGGACAACAGTCCGCGATCGGCCGGAGAACCTGGCAACGAAGGCACAATGACCGAAGGCGACGCGCTACTTATGCGTTTCGGCTTGAGCTGTTTTTTATGTCGACATGGACTGCCTAATGCATAGGGTTTTCGTTGGCTCTCGTCGCCCCTTGCTCTGCGGAATCAGTACCTTGAACTAGGACTAACATCCTA,Sensitive
Sample_2,Pseudomonas aeruginosa,GGGAGATAGTAAACCCGCCTAGGTCGCTCCGCTCTCGAGCGCGAGTGGCCTGGCGCAGTCACAAAGCTTAGAGGCGATGCCAGCCACTATGTCTGCTTTTTGGATGCGGTTCGGTTTTATGTCATTATGCTGCGGTGCGCGGAGGCTCAAGAAGAGACGCATAGTGCTCACAGACCCACCACTGGCCGCAACCGCAATGGGTACGCCCGTGCTTACAATTTGGGTGGATATGCCTACAATCCGGAGGACCTTTAGCTTATAATGCGGATTGGGGATAGTGAGTATACCATCATTGGTAGAGTTCGCGGTCGCTTGCATAGTTTTCTGAGCTGTTCCCGACTTAGTAATAGATAGAGCCAACGCAGCCGAAAGTACTCAGTCGTCTTGATGGGTTATCGGTCCTCCACGGCCGTATTCACGTTTCAAGAGGAGTCAACAATTCAGAGAAGTAACTCCGATCCTGAGGATGCTTAAGACAACGTCAAGTGGTTGATTATATTGATGCGTTCAGACGACACCGGACAGCGACCACTCCTTGGGGGGGTCATACTTTTTGCTCCAACAGCTCCGTTCCCCGCCGAATGCATCTGGTTACTCGGGAACGTCTAGGCATGTATAGACCAGATTGCCAAATGCATAATTTATGCAGGCGACCACTAAGTGAGTATCTGCGGTCAGGATTGGGCAACTACAACGCAGCCCAAGCGACCCAGGGTAAGAACTCTTCCCCATTAGGATAACATTGATATCTAGGTCTTAGGGCGATAGTTGCAATTTATTATTTCCACAATGGCACTCTCCAATACTTAGACCCCAACGCGTCGTAAAAGCTAGGATCCACCCGTTAATTTCTTCCACGATGCGCTGCTCCCAGACTAATAGCGCGTCACTTCATAAGCCAACAGTCAAGGCACTGGATGACGTGGCGGCACTCGATGCGGGAAAGAGGACTGCCGCCAGATCGTTCACCTCATGAGAAATGGCTGATGTCTATGCTTAAAGCACCAATATCGATCGGCATAATAAACCTATATTTCAAATTCTAACGATCGGATATCCCCCTAGAACATATCGGTAGAATCCTACTATCCGCTTTGGAATCAATCGGCAAATAGAACTCTGTTTTTCACTGTGTCCTAAACTCCGACTAAAGAATTCCCTTGATCGCAGTGGGTTTCAGTAGTGTCACGCTTAAAGTGAACTTACTCCTGGGGCCGACTTGTATCACAAAACCTGTCCATCCGAGTCCCCTTAGGGCCCAAGCGTATTGCTATCACGGTTCCATTCTCAGAGCTACAGTAGTTGGAATACGGACAGGGCCGGCATTCAACGAGAGTGGGATCCACGGTGTGCTTTTCCCCGTCAGGGACTAGAGGTGCAAAACAGAGTTTGTGGAAGCTCTCTCCGTGCCGAGCGATTACTTAACTACTGAGTGATTACATCTCAAATAGGAAAAGGCGGGTGAGTCCCGATCGCGCGTTCATCGATTCAATTCACGGTGTCCGCGTTGCGCGGTTCCATTCACTCACCACGGATTAGATGAAGGAACACCAGCTCTACTCACGCCACAGTGAGATCCGGTAGCACGTACCCCATACAACTCACGCAATCTGTCATAACGTGCTGTGAGTTGTCTCCCGTTGCACGTCGGTGTGCATTTCAAAACTCAATTATTTTAGATCGAGGAGAGCGAGAACCTTGGCTAGGTCTGACTGCGGCTCAATCGCGGCCCTGCGCGTCATTGTGATCATTCCGCGTGTGGATTGTGCACCGATATGATCAACGACATCCGTTGGGGCCTCCCTTGGCCACTGCTGTCGAGTATGCACTACGCAGCTTCGGGAACCGCAACAGCATCTGATTGGACAATGTCCAAGGTTCTCCTCATCTCTGGATATATTGCTTAAGTCCCCCAGTCCCTAGGCCAAGGCTACAATGCCGACGTACCCTCGCTGACTTGGTGTACATTGTGCCAAGTATTGGTCTATTACCTGGATTCATGGGGGATTTATATGGCGCAATCGGTCGATAATTCGGTTCCCCCCATAAGATATTCTCAAGCTTGCCATCCTGTTCCGCGCTGATCTGAATAGTTAAACCGGGACTTCAGAGAGCCGAGTCATCTAGGCCGATTCTTGGACCAGTGTTGGCGGGCATCTTGCGCGTTGAGAATAAGTGTTTAACAGTACTGTTCAAAGGATCTCTGGCAATAGTGTTCGCATTCTCACTATCTGCATACATTTATCGATATGACCATGCGGGGACAAGTTAAGTTGGGGAATTCCCACTTGGCGGTAATTCCGTGACCTTGGCTGGGAAGCACAGGTCAGCGGAGTAAATCTAAGCTCGCTTCAAACCGATAAAATCGCGATCAACGTGGCGCATTAAGCACTTATGGGCCTACAGCCATAATCGGCAAGATTCGTCTACGCCCCGTAAGCGCCGCAACCCTGCGTGCAACTGCACAATATGCGACTAGCCGCCAACCTTTGCGGTTCGCCGGCACACTGGGGGTATGTTGTGTGTTGCGATACGGGATTTTCTCCTTCGTGTGGGACCGCTCTAGACCACAACGGAGTCGGATGTTCTAATAATTCAACATATCCATTTCACTGCCCGAGCAACTCCTTTCAAAGCTTATAGCATATGGATGGCACTAGAGGATGATGGCCATAGAACCGTCGAGCAAATTGTCTTACCTATCAGAGACACGTCGGTGGGGATCTCGCCTACCGGTTCTCGCGCCTGGTGACAGCGGAACTAAAATACGCCAGTAGCTAGCGGAGTGGAAAAATACCTGATTCTGCGTGCTATATAAAAACGGTCATTATAATACACAATTAGGGGTGTCTTCACAAGGAAATGTTGCTTTCGAACCTTTCCTGAGGGGGACCCGTTCGCACGAGATGATTCGCGGATGTCTTGAACACTAACCTGTGAGAGTGTCCCGCCTTATGCCTTTAATTAGATGACTCCAAGCGCGACCAATAGACTTCCATTCTCTACTTAACTTTTTAAGTCCTATATAGCTAGATTCGAAGGGCTCGACATGATTGGCGGCTTGCGCCTGGGGGGGTCAGAAATCTACGCACGGACAGTTGTCGCTGTTTTTCTAGGGATACCCGTGGTTGTAGCGCGCCCTATCGAAACGAAGCGTAGGATGCTGGCGCTTCAGCGGTATCTGGCCGTTACTGAGCCGTAGCTTCATCTTAGGAGTGAGGCGGCCCTTCACACCGACCCGCCCTGCCCTGCCCGGGTCCCTGGAGGTCGAGCCGTGATAGACTGGCTTGGCTATCTTGGAGGTAGAGATTTACGAACCGGCTTAAACGTTTCAAGCATGGCGCGCATTGCACTCCCTATCGACTATCACCCTTCACTATTCACAGCTGGATGTTAGCAGACGCCAGCTCTTCCAGCCGAATGGCGAGAGGAACGTGCGTGCGCACGTGCCGGGGAAAGTTCGGTGCCAGTAGGTCGTATTTCGGCGCACCGGGCCCCCTTTACTTGACGCCATGGAAGAGCAGGCGCCTCAACGATAGTTATAGTTTATCATAGTATGTGTGCGCACCTTAAGTCACAACCGCAAAGCTCCGCAGTGCGCTCGAATAACACTCTAGGTTCACTGGGCACGCTCAGTACACCCGTTGCTCAGATGTAGCCATAAGTAAGCCCCACGGAGCTAGCCTTTAAGCGATGGGATGTGACATGTTGTTAAGATATTCGATTGCAAACCATTCAAACCTTGATTA,Resistant
Sample_3,Pseudomonas aeruginosa,GTAAGCGCTAGTTTTGGTACTGGTGGCCTGACTCGGCGCATTAACTCATTGCACCCCGACTTTCCTTACAGTTATGGTTCGCATGTATGAAGCGCTTGTCGATACAGTAACATATTGAGGCATTGGTCTTGGCATTTACCACGTTTCATTACAAGCGAGCCGTAGCCATAACTCGCAGTCTCTGCGCCTCAGAGTTGGCGACGTAAGCCACCCCCCTGGTCTTATGCTTTTAGATCACGATATAGGAGAGCAATGCTGCAGACGGCCAACGCCGCCCCTCCCCCTCCTGGTTGTGGTCCCGGGTGTCGAGAATGCTCCTGACGACATAAAGCTTGAATAATTACAGACCAGCATGAATAAGCTCGGCTGCTGCTTTGAGGTGTGACGCCACAGCCGCTAGTCTGAGCCGTATCGCGAAAATGTCTGCAGGATGGGTATTAAGTTCTGTGTTTTGTTAATGCGCGGCCCGGCTCCAAACTCACAAACAGCTGACATGAGTGGGCGATCAGAACGCATTCTGTCACAACGGCATTGGCGAGGGTCGAAAAGGACCGGACGATGCCACCCATCTTCGATTGTGCTGTACATCACAAGCCAGTACTAGAGCTGGCCACCCTAAGAACAATCGTCAGGCAAACTATCGTAAAGTCCACTTCGCTGGGTACCAGAGCCCGTGAACGACCGGTCTCCAACAGCGGTGCCGCAATAACATTACGAAGTTACCCAGTACTCATAATATACAGCTGGCCTTTGGATTCCACTCAGAGATCATGACGACGGATGTAGCCTTGTAGGAAGTTGTCAACTAGAGCAAGTGTAGCCAGAAATACATAAGTGAGTATAATGGAACTCGTTGGATCCACAGAGTCTGTGGACCTTTAAAGAGCTCGCAGGGGTTATCCCCCGAGAACGGGATCTGCCAAATTAATTTAGTGTAATGATCTAAGAGGGACGGCGTGGCCGGAACTTACTTAATCCGACACTTGCGGCCACGAATATAGCATCGGCTCATTGGCGTGATCAGGCCTTTGGGTCAAGGTCTTACAGTCAACTCGTCGGAGTGGGCTCGAGATTCTTCGGCACATAGTAGGCGGGGCAAACAAACATCCTTGAATCCGGAGGGTGAAAGCGCTACCCTCTAAATTAAAAGTACAGATATCTCCAAGCTGCCCCCATCTGCGTGGAGACAAGTGAGAGTTAGGTCTCTTGAGCGACGGGCTGGTCTGGTGCGGTTGCTAGTGACCGGTGGGCCTTTAAGCCAGTCAGTAAGCCGTCCTCCGAGGTGTGATATTTCGTGGACACTCCTCGCAGACTATAATCCGGCTACTCTTAGTAATTGTATGCCGAGGTTCTCTCTTCGTACGAGAAACAACCGAACTCGTGCTAATCGAAATACGCCCGTAATTACAAGACGGCCGCGTGACAAGATTTAGGGGTTACGGTATTGAGCACCCTGGTAGCTTCTGGGAGACCTTCTCAGCCGGACTCCGGTAGGGTCAGATAAGCCGAACTCCGAGGGTAGTTATTAACGAAGAGTACTTAAATCGTACGGAAACACGGATGTGAGCAACCGCTTACGCATCTCACTCCGTACATAATGTGTAGAGTTCTGGATTCGTAATCGGAGCAGGTGCATGCATACTTAGCTGGTCCGTGGGACAGGCCAGATTTTTGTGGACGTCCAATCGTAGCTTTCGTCCATTCCGCAAAAACGATCTCCGCTTGTTCGACCCGTACTTGTTTAGACATCCTCTGCTAGCAGTACCCCTGTCCATCTCGTTGTGAGAGGTGTGAGTCCCAATCTCTTCCGCGTGGTAACACTTTACTCTACAACTCCTGGGGGACGGCGCGCTATTCCTGACTCCAGTTTTTGGCTTTTAAGTCGTAGGCTAGTCTTGCCCCCCACCTCGGTACCCCCCATCGATTAGCCGCATGTTGGAGCGCCGAGAATGCCACGCACTTTCGTGCCGGTCGATTGCACCTGTGCAAATCCGGGACATAACCCAAGGTTCCTAAGATGGCGCAGCCGCGCGCGCAGTAAGAGCGAGTAATCACGGTGCGCCGGGATTTCCCGGTCTAACACATTCTAAGCACTGTGTTGCTTCACGTACCTAGGATGATATCGTTAATACCCGGGGCCCGTCGCAAGACTCTGTAGGTTCGAGCAGGGCATCAGCAGATGTCCTTCAGTAACATGCAGACGCTTACAGGACACGTTCCAAGAGTGTTGCGTTGGGTTTTGCAATCACGTGAGGCCGCTGACCCATCCGCCGGGGTTAAAGATCGCCCGGCTATCCGTGTGCCAGTCTGAACCGCATAAGGGCAAGCGACAAGCTAAATAGGGGCAAAGTATCCATGCCTATGCGCGGCCTGGGCCAGCGCCCCTTTAGCGTGCTTTAGGCCTGCGCTGTAATGACCACTGTTAACAACCCTGTTTGTACTCGAATATGATCATTACGATCCTTGTTAGGTTCCCGACGGTTGAGCTGCATCAGTTGGAACGCGACGTCAGAGATGCGTCCCATTTAGTACTAACGGTGCTCCCCATCATGCGGAGCTGGTATATTATTCCCTATAGCAGACCCACAACGTGAAGCAGGAATAGGTGTGGTATAAAAGAAGTAAATCTGCGCAAGGTTCAACCGAACGATTACTCTCAAAATCGAAGATATAGTTCTGCCGTTGGGCTATGTTCATTCCGCTCCGCAGGGGCTTATCAGTGGTGCTTTTAGAGACGACCGCAAAT,Resistant
Sample_4,Escherichia coli,GGCTCTATCTGTACAAGTCGCGGATGCACGAATAAGCTGATGCGAAGGCCAAATTGGGTTCAGAAGTACCGTAATGTACTAATAGAGTATACTCTAATCCATTACGACCCCGCCGGAAGCTCGAGTTAGTCACTACAAGAAACGGCTGAAGGGCCGCACGCGTGAACACGGTACCGGTAACCTTGAGTGTCCAATCCCTCAGAACTTCCTTCGCCGTTCGTATTTCCTTGTTCCCTCGATAGGAGTTGTTTCATGAACGAACGTCAGTCCCGTATTACTAGAATGGTGTCAACGCTCTGGCCCGCATACTGTGGACGATGCACTCGTCTTCTTACCTCGAACGTGCAGGTTCGGGCTCTTTTAGCTAGTGTTCGACAAATCGGGCTAGTGGACGTTATTTCAGTGGGACCGAATTCATTCAATACATACTATAGCTACGCATGCCCGTGGCGTTGGATAGTCATCCGAGGTAGGAACGAGACGAATCTAGCTTAGTATCCAATTGTGAGTTTGTGTATGTACAGGCACGCTATCTTAGTTCGGCAGCATTATGTACTCTGGCCTGTCATTTCACGCAGTGCGGTATCCGACGCCCCTACGGGGGCAGTACGCGCTAACCATGTTAGCGCGGGGTACGTGTAACTTGCACCGCGTAAAGTGTGTGCTTAGATACACCGGGTACAGAGGCCCTCCACTATCGCGCCTCTCAGGAGGTCTTGAACATTATGAGTGACTTCGCCCTAGGCCGACGACGCACATCCCATGTTCGGCTAGATCGCCACAACCTAACATCCTGCCGTTTTCCGCAGGAATGTAGGTTTCCTAAAGGCCGTCCGTTGCGGTGTTGGCCCGGTTATCCATACCCTCACCAGAGTGCTTCGACTAATCACTCTGGTCTTACTCCTGTATCTCGTCATTATCAGCTTGTTCAGGGGCAACAAATCGTGTAGCAGTAAACCCCGACGACGACCTGCGAATAACTACCTCACCGAAATAGTAGGGGCCCCACGCATACGACTTACATGGTTACAGAACAGCGGGCGACACTACTTACCTGCTCAAATCCAGGTCGGAGAGAGCGGAGTGGGCAGGCACTCCTTGAGGCGCGGAATCCGTTCGGGTCTGTTCAAATTCTCTACTATGCCCTCAATATTTGGACAGTTGCTGAATTTGGACGATTAATTCGCATGAAACCTGAACGCAGATAATACGGTGAACATCCGAGGACCAGTGCAAAATGCAAAACGCTGCATGGACCGGAGGTGTGCATATCGGAATCCGAGCGAGTGTCCGTCCAGCGGACAAACTGTCAGCCATGATACGTACAAGAAGAAGCGGAAAATTACTATACACTGTTCCTGTTGGTATAGTACAACAAATAACGGGTAGCGATGGCGCGAAGCTATCGCCACGGGATCGTGCGAAACGGGCTGATGGTATGGTGGATGAGCTATCGCGCAGGGAGAGACGTGCTCAGCGGTCGATAGGTTCGTAATTTATTCCCATCGAGGCTTTTTGACTACGACACAATCCGAGATAATGGTAATTCCTCTCGGAGGTCGGCCATCGGAATTTGGCTCATTGGCCTGGACTCAACAATCTACCGTATAGGGTAGACGGGGGTCCCGACTAACAAGCTACGGGCCGTTGTGGGTTACTCTGGGGTGCGTAAATGGTACAGACCGCACTCTAATAACAACTAGGCTTTTATCCGTACCCCATTTTCATGAAGTGGATGGCCCGCATCTCGGTCACGAAAGCTGAGCCGGTGTTTAGACACTCGATCTTTGCACGCGTCGTGGAGGTGACAGCTATTATAGTCCAACGCGGACCCACCCGGTTCATGGCGATGGACGCATGGGCAATTCGGAAGTGGTTGCCTGCTGTAGAAGATAAGATGACCCAGTCAAAGCGCGTAGCAGGTACAGCGCAGGGCTTACCTGTTCGCCGATAACGACCGGCGTTAGGACCGGTGGCAACCACTTAATTCCGTACCAGTCAGAGCAGGCAGCAGAAAAGCTAAGGCATAGGCGAGATCCACTCTTTCAGCCATTTTGTTGCGTAGGTGTAAATCATATTGTATGCGGAGTATCGCACTGAGTGGGATGTTCAGTGGGCATGGCGTCGTCGATAGAACGGATCGAGCATCGTCCCTTGACAAACTTTATTCTGGTCATTTGAAGCCCGTATTACGTGCAAGGCCACAAATTAGCCAGGCTCGCATGGACCAAGCCACGATAAGACCATTAAGGTTCAGATTGTAGCACAGACGAGCTTGGACCTTGGCTGACGCGAATACAGACGCGTTTACGCGGAAAGTCAGAATGTTGCCGCCTATTCCCTCTAATCCTCGCAATGCTGATGTTAGGACAGGATAACTCAAGTACAGGAAGTGTCAACTGACCATACTTAAGCAGCCTATAATTAGATCCGCTTGAAATCCCGCCCCCCTATATTATTGGTAGTCTGCTTATGCAGGCCTATGCGTATAAGTGGAAAAGACCATTGACCCCGCCATATAGCCTCGAACATACTAGCAACGTAAGTCCTCCCACCCATATAAGGCTCTTTTAGGGTCAACAGATGTTGCTAGGACAAAATTTGGGTCAGAAAGTGAGGAAAGCCCAGGGGTAAACCGACCCAGACAGGGGACGGGTGGAAGGATAGAGATAGCATGGGTACACGATTAACATAGACTACCGATACAATGAATGTGCTATAGGTAACATACGAGACCTGCACTGGGGTCTAGCAGCGTGGCGCACTACGACAGCCCGGACCATACGACTGTACGATTTAATGCACGAGCCCAATCCTGGCATGGGCGCATAGTGGCCATGGCTGTCTGGAGCGATGTTTGCGTCCGCCTCTGCTGTGTTATCTACAGTCTAAGGTCATATGTTGTGACCGATGATCGGCGGCGCCTATTATGTCCGCAGATTACACCTATAGGATCTCGTCTGAGTAAGTATACTTACCGGAAAACAATGATAAATTTTGCTGAAGTCAGTACCGGCTTAAAAATCACCTTCTACTCGCTTCGGAAATTCCGGATATTGCTGATATTCTCTTACCTGTTGTTAGGACATCGTTATGGCGCGTGAGGCTGATCAGAAGTCGTAGAGTCAACTGGGGATCGTACGCAGCGGTGCGTAGTGCCATGGTCTTTTTACCCAACTAGCCGTGACCCAGCTTCCCCGCGGCACCTGCTACAGAGACGACCAATTAGTTTTCCTAGCCTTATTGTAAACTCTATGCGCAAAGACGGAGCCTTCGTGCTATGCGCATCAATAGTGCTTGGCCTCACACAGATATATAGGTCTAGGCCATGCCCCGGAAACCAAGAACTCGCTGCATCGAAACAAGCGCATTTTCGCCGATGTTTAGCAATACTCCCCTCACTGCAGCAATTGAATATTCGTATCGGTGAGCGACAA,Resistant
Sample_5,Escherichia coli,AAGACATCGCAGCAATGCGTGTACAATACAATGACTGGTACTAAGTCTTCATAGTAGTCCCTCAAGGGATGTTGACCAATCTCTAGCAGAGTTGTGGCAATACAGACAACTAAACCGCTTTCTTAGAAAGATAGTATAGAGCAATACGGATTTAATAGCCGTAACGCTTGTTGTCCGAGACGTCTCCGCTGGCCAGGTCTTGGCCTCAACACGTCGCACAGGTCTTCACTATCCCAATCACCGAGATGCTTGCCTCCCGCCAATTCGTGGCATACTGCTGCATCAACAGGCCGGGAGTATTATGGTTGCATTCTTGAGTTAAGGCTTGCCATTTATGACCAGCGCACGCATGCAAACGCTCTCACTGACAATTGTGCAGATTACGTCAGACGCGGGTGGCTGCTCGCTCCATCCTTTAAATCTGGAGCGACGCACATAATCATATTTGATAAATGCGAACCCTGAACGGCACGCGCCATTCCCGCATAGGCCTGTAGGAATAGATTCTATTTATAGGTGAGAGCACGGCCAAGGCAAGGGCCGCATCAAACGTTGACAGGGGACGTCGAGACGCGATCAAAGGGGCGGCTCGCACATTCGGGGACCCAAGTTCCACGTCCGTAGTTTTACAACTAAGTGGTTAACTCCGAAGCGGACATTGTAGAATTCCGCAGTCGTTTCTGCTGAGAGATGGTATATTCAACTTGGCCGCACGTAGATGTCTATTCGTCACGCCTATGTGTACTTTAAAGGTACGATGATGGGACAACCATAACCGTACGGCTGCCTAATGACAGCACGGCAGAGCCGCGAGCACATAGGCTCTTAGCCGCACGGCGTCTTTGAGCCACAACCACCGGAGGTTTAGATATCGACCTCACTATGCAGGATTTGGACCCTGTCATTGCCTTCATAATTAAACCTGGTAACGCCTTATCCGGTAACTGTAAGAGTAGACACATCCTAGTGACGGGTTTGTACAAATAACTCGATAATTACCGTAATCATCGGATAAGTAGCTCGACGCGAGTATAGGGCTCTCACTCTATCCCTCCCAGACCGCTAAAAGTTTAAGCTCAAAGGGGGCTGAAACAGCACTGCATCTGGGTGTAAGCATTGGCCCCCCCGAGCACGCAGACTTATTGAAGCCATGTTTCTAGTACGTTCGTAAATAACGCAACACGTGGATAAGCTTTCCAACAAGAATATGTTGACTAAGAACTTGTCGAACAACGGGCTATAAACTCATAGCCGGCTCGTGCAATAAACTTACATGAATCTCAGCCCATACTAACTGCACTGTTTATGGATAAGACCCGATCTCGCCCTGTTGGTATTCGGGTCTGGCATCTGCAAGCGAGACCGAGCTCGACCTCACTACCATCGGCGACAGTAGTACGTATCACATGTATGGATAATGGGCACCTCGGTGGACTGCCAAAAGCTCAGGATCTATTTATGAGCAGACATTGAGGCATACGTCGGCGGCTCTTGTGACAGATGGAGAGGATGCGTACGGGTTCTATACGGAAAACCATCAGAGAATTGTCTGATGCGTGACGTGGAACTACAGCGACCAGGAAGCTCGCCGTTGTTGAGATACGTTCACTGGATTACGGAAAACCTCTTTGTTGCAATCACCTGAAGCAAGGAGTACGCCTTAAACTGACGCTACAACGTTGGATTCCGTAGCATACGCTAACCTCTTTTATGCCATTAACCCCTGCCGATGTAGGCTGGACCAAAGTCCACATTAGCGTACGGTCCGAGCGGCGGCGAGCAATGTACGACGCCATACAACGGCACAACTTATTAGCTAGGTTGTCGTCCAGATCCCTACCAGTACTTGGATCCGATGTGAACCGAAGCATACGGCGAGAAATGGACGTCTCCTCAACAGATACCAGTAGGGGAACTTAGGTTCGCGAGTCCACGTATGGTTGGCTACTTGATCGATCTTCCATTAACCAGTCACGGTTGACTAACTCGTGCCTTCATGCCTTAGATCTATCAGCACCTGTCGATTAAATGGTGACCAACCAAAAAAACGCCTAGCGACTGTTGACATCAAGCGACGAATAAATTGGAACCATCACAGCCATGACCCAATCAGGGATGTTGACCGTTGATGGAGCAATTCCGGATTGTCTTTCGGAGGATAAGCTACATCGTATATGCTACACGCGTTGCGCAGGAACTGCTTACTCAATAGGTTGGGCTTCGCGGTGATTGTAGCCAGTGAGCCAGTAAGTTAATAGTACAACTGGCCCGAACACCAGCTGTCTGAGTAGCTTCTACCAGGGTGTCTAGAAGGCAGACGGTTAAATCTGTTGCGCCAATGGGAATTGCGCTAAATTTTGTATGAGTACCACCTCTAAGATTGCTACACAGGCCGTAAATTGCATCTTCTTGAGTTGTAGCTGTGACCTTGGGACGCAGGAACATGATCGTTTAAAGCTGAAAAATCGAGTTGTCTCCTCTTAGGTACAGAAGCGGGCACTCTATCACTTGGTTCAAAACTTAGGGGGGATCAATTCTTAGGACCGGAATGGATGGGGCGTGCTCTGTCACGAGATCGAAAAGTCCAAGAGTACGGCGGAGACGTTGAGCTCCACCCACTTCAAAGATCGTGTCCGCAGAAAGGAGAATCTGAGGCCTCACTATCCTTCCCCTGATCCCGCAGCTAGCATTTGTAACTTAATTATGCGTACGTAGGGCACGTGTACCGTGTGAGGTACCCCGTTTAGCGCCTCTACCCCTGGAACGGCTGAGCCAAATAACACTGTGCCAAACTTGTGATGCGGCGCTCATAGGAACTGAGGACATTTGAACTACGCTTCGGCTTACACGCCTGGAGCTTCTACACGAAAAGAGGCCTCATTGTCTTCCAATCCACTCTCGGATGGAGACAACGCTTTGGTTGAAAGACAGGAATCCTTGCATGTCCCGACGAAGCATTGTAGTATGACAGGAAATATTGCCGTGTTTCAACATTTGAGATCAGAAGTAAGAAAGCTAGTGATCGCCTGGTATGTACAATTGGTTTGCCCGCTTTTAAAAGATCATAAATTCATTGCACGTCCGCCATACCTCAAACCGAGTCTGTTCTTTCATGGGATCTCCGGGACTGTGCAAGAACCAATAACGGTGTCATGCCGCGGTTGAACCTCCAATAAGGTCGAGACACCATGCCGAGTCGTCGGGGCAGCGCTGGCCTATACTCCCGTCGTCTTCATTGGTTAGCTGGTGCGTATGATGACGCCAGGGTAACAACCGGGGAGGGATCGGCCCCGCGTCCCAAAAGTCACGGATTCCCTGAATCAACTGAACACGACATCGACTTAATAACTCATGTCGAGGTTTGGTACTCGCGCCGACCCGTAAATAATATTGACATGTATGCAGCTACCGTTCATTCTGTATATCGAGCAACTTACCGCTACGAT,Sensitive
Sample_6,Escherichia coli,TTATGAAGCAGCTATGGGGGTAGAACCGTAAATCGTGGCAGGCGTCGGCGTTCGCAAGCGTGTGTTCGTCTACGATGGCTAACGTACATGAAACTTAGACACAACCCAAGCCGCAAATAATTTCGTCCTCATCCATCGACCGGAATTTGCAGCGTCTTGCGACTTATTGGGCTCTTGTAGGAAGGTCTAGTGTGAAACACCATAGTCTATTAGCCCTCATGTGTTTAGGTTTCAACAACTCTGTACTCGGCGCTTTGTATCGGGCGGCGTCAATTGAAAAAGTTGTAGCATCTAGTTACGACGTTTCTACCTGGTCTTGGCATAATAAGGTACAGAGACCGTTAATCACGTGTGGCAGGGCTTACATACTTGTTGAGAGACGGTGCAACAACACCATTTAGACACGTACTTGATAGAGGACGAGGTAATGAGGGACGAACGGCTTTTAGGACCGGCTGGGGTCGCCCCCTTAAAAGTGCGCATTATCAGTTTATAGGTACTGGGACACTTGAGTGACTAAAGTCACAAAAGCAGGGGGCCGGGCCTACGTTTCGAGAGTGTCTACCTAAGCATGTGAGATCACCCAAGTGTAATCCCGTTATTACTCAACTCCACATACAATGCATCACAGCACGAACCCTTACCGCGAAATTTGTATAGCCCAGGGATGGTTTATATCCTCCGTGGAGCTCCCCTTCCACAATTCGGATGATCCCGGAGGCTCGCTCCGCCGGCCGCATGGCTGACTCTACCGAACCCGCGCCCTCACTTTGGTGGGCCTTACGGGGCCCGGGGGAGTACAACTTATGTGTGGGTCGAACGGGTCCCGGATTCCCTGGCATATAGTAGACGCGGGTGGACGATGTAGATAAGGCCATAGGGAGGCGGATTGAAGTGCGCCCACGTCATCAGCCTCGATAACCGTCCCTGCTCCCAGTATCAATCTCTTTGCAGGAAACACCTCGCAGTGAGGGCAGAAGTGCTGGGCAAGTGATACCCGGGGTTCTTGTGTATCAAGTGCGCATGTATGTCCATGTCTGAGTGGTGTAATCTGATAGGTACCTCTTGTGTATGTATAACAACCTCGATCAAAAGATGGACACGATGACACACG,Resistant
Sample_7,Staphylococcus aureus,GACTATCGCTTGATGTGGATTTTGTATCGCGATTGCAGACGGCACACGCAGGGTCCAGCGAACGTGCCCGTCCACTGGGAAGAGGAAGAGCAGAGTAAGATAGTTCCAACGGTTACCTCAGATCGGGGACGGTAATGTGCTAAGATATGAAGGCTTACGACCGTGGGACAAGGTGATAGAAATCACGTAGCTCTCCCCCACATTTCTAAGTCCTTTGGCTGTCCGAATCTTGGGTAACAAGAATAACCTGGCAAGCGGGCTCGCGGAACGAACGAGGGAAGGCCGTCGGATGCCGCCGTGCGCCAGGCATCGAGATTCTTATGTACGCGGTCCGTACAGAGACGCCGAGCACCACCAAGGTTCGCGACTGGCTCGGTACCTTGACAAAGTGCACGGGCTCACTGCCCGGCCTCGCTGGCACACGTAGCGCGACCGGGTAGCTATGCTCCACCTGATGCGTCCTCTTTCTCGCGAACATTCGATCATGAATGCTGTTATCAAACCGGTATCCCTCTGTCACAATCAGAGTAGGGCCGGTTTTAGGCCCCCGTCCTGGGAATTAGGCCTACGAACGGGCTCATTCACCTCAGATTGCAGCATAGTCATCTCATTATTTCCTATAGCACTGGCGCATCTGTCTGAAGAAAGCTTCTGCAGGAGACGTACTCGTGCGAGCACCAAGTGATCTAACACGGCTAAGAGAATCTCGCGCGCCCAGTCTGCTCGCGTTACTACGCTAAATTTTTAGGCCTGTCCGGGCTAGGTTTCCAAAAAAAGGAGTACGTATAGGACGGTGACTGGCTGTACAAGTCGATTGGTTGTGGCTCTGCGCCTGTCGCATTATGTTAATGCATGGATAGGGCCGCGGGCTCTTTCGACGCAAAGCTCATACGGGAGGCATTATTGTGAGTCGCCCAAGCTTCCTCCAATGTGGGTCTCCTGAAGCTGGACGCACCGCCTCTCAAAAGTATCAAGCCCTTTCGTCGGAGTCCACCCACTTTTTCTCGGACCACGATGTCGGTCCTTTTGGACTCTAAGGTCGTGTCGGGCATCCGCAGATAACTCTGCTGTTCCTGCGGATACTTGGGGGTGGTCTTGCAGGTAAGATTTCGGATATCTCGCAACATCCCCCAGAAAGCCTACCGGTCGACTCATTTCAAGGCCGCGCAGGAACCAAACTGTTGTAGGCCGGTGCGTCGTATGTGAGGTATTAAATTTACCTGACCCGTAGGTTAACAATCGCCTCATTATAGATTGCTAAACTTATTGGTCCTCTAGGACCGGATCATCCGGAAGGGGGCTATAGTAGTATCCGTGGCCACGCCAACCAAAC,Resistant
Sample_8,Staphylococcus aureus,CATCAGAAACGTGGTGGCCGCGTGGGAGTTATGCCGCCTCTTTGCAGGCAGCTGCCAAGGAATGCCGGGGGTTGGACATTCTTAGCGGTTCAATTCCGCGCAAGGTCCATTAAGGTTCATATTGCAACAGGCATATGTGTCGATTAATATTCGTTGTGGAGTGAGCGGCCTTAGGTCCCTATCATTTGTGCCCGCGGGCGGTGCCCATTTGGGCCCGTGCATACGCCGGAAACTTAGGGGGGTTTATGTGTTTGTCGTCGTACGGACTCACTTAGTAAGTCTGTGATCAAGCGAAGGGTTAATATCCGCCCGAGCGCCGTCCCCCTGCTTTGGTGTAACCCAATAGTGTCACGGGTCACGACTAGGATTAAAGCTTAACGGTTGTTGTTGCACGTGTAACTAGGCTAAGAAACTTGCTCTTCTTCCCACATAAGGGTCTATTTTCAGGTGTCGTGGGTATCAAAGTAAGGGCCTGGTGGTGCGCGTACCTGGGGCACCCCAACGCAGACGGTCACGTGGCAACGCTATATCCATCATACGTTGAACTACCTAGAACAAAAGGCCCCATTAGAACGAGCAGAACAGCTGCCATGTTCATGGACGCGCACTCCCAAGAAGAAACTGTAAGACAAAACCGAAACGGGTAGTAGACTAATTAACTTCTCATTCATTGTGCGTTCCTTGTAGTGGCTTTTTATTGCTTGTCGACAGCGAACTACGGTAAGACATAGATAACACAAAGCTCATAGTTGTATAGCCACCCGATGGAACACGCAGCTCATAGTAAAAGTCAGAGCGGGTCGAACTAAAATTCCCTAGTGACTAATCGTGGAAGACCGCGTCTACAGATAGTTCTACCTCCAAGTAACCACAGGCGGCAGACACGCGGGGCCTGACACGTAGGCGAATTTTGCCCACTTAGCTCAGAGGAATTGGTATGCCGTAGAGTCGGCCGCGCGTCATCGCGATTTCGGTCTTTCACTAACCCAAGCTTCGGACTCCTCGATTTTCGCGTGGCTATGGGTAGCGGAGAAGGCACCACAAAGCAAAGCCATTTTTCCTGAGTGAAACAGCCTGTTATCTATGCACGTAAATGTGAGACCCAGCGCATCGCGATCGTTCCCTAGATCCTACGGGTTTCTGTCTCTCCCATGCAATATGCTAACATGGCTCATAAGTTTGGAAATAGATGCCTAATCTTGACATCCGAGTTGCGCGCAATGATACAGTCTCACACTGGGGCTTGAAGTATTGCGACTTTAGAATGGACTGTACAGGCGGTGGTTATCTCAGTATCCGTGAATAGGCCGCCAATGCAGAGCCGTCACTTCGGGATTGAGGGCGAAGCGTAGTATTCTCTATTATATGAGGAGTCTACTGCGTCCGCGTATTGTCGCGGACATCTTCCGCCTCACGCGCAAGGCCCCATCGGTTTCCTCAACAACTATTCAGCCCACCAATATGTCGAAAAGCAGCGTGTAAGGTGCCAGCACTCGTGCCTTCTTCGGGAACACACTCAGCGCGGATAACCGCCCCCAGGGGGTTCGACCCGACCGACTGATCGAAGCCACCGTACGCTGGCCGCAAGTAACAGTTTCCTCGTAGACGTGGCGGCTCGCCGAGCATGTTAGTAGAATTCCGTAGGCATTTGACTCGTCAAAAGCCGTCAGTTTATCGCGCCTATACAGTATGCTCAGTCTTGTAGAATTATCATGCTTTGGGCGGCCGCCTGGGGAAGTGGGTAGGAGTCAGCACCCCCGAAAGCTCTAATGCCCTGTTTACTCGCCGTCATGTTTCTCCTCGAAAGAAAAAGTTATCTAGTATCGTCGGCGATTCTCATCGCACGGCATCAGGTATTAGCGAGCTTGTATCTTCAGTAGTTACCGACATGGGTCGTCAAAAAAGCCTAGGGATTCCCGACTCGCCTATGGTTCTTAATGGCTGATGCACCGCGGCCGGCGCTGGGGCTATGTACGTTGACCCCTGGGACTCAACAACCTGGCCTGTAAGGACATCTCTTGGGCGAGTCTTCGTATGGATATATAGCTCGACTGGGCAAACGTCAATATCGGATGTAGACCGGAAGAAATCCTGCCTGGCATCGCGAGTGACAGTTCCTTCCGTAGCCGGAACCCTACCTTCTCAAGATTCGCAATGGTCACACTACAGCTACACTTGCCACACTGCTGTCGTGAAGTACCTCCGACCAATTGATCGACGAGATGGAAGTCGATGTGGGATCAGAGCAGCTACTGTGGTTGCTGCATAACCTCACGTCATTGCTTTGACTAGATTGGAAGCTTGGACGTGCTTCAGAGCCTAGGAAATGTGCCTGCGGTTCGAACCGTATCTATAAAAGATATTGGCTCGCCAGGGCGAACGAGGAATCTCGGCTTCCTTGAAGGTGTCCCGACCACCCCGGCGTCTGATAGTTGGGGCGGCAGGGGGTCTATGAAATTTCAAGATTATCGATTCAAGTTGCGGCCTTCGCTTGAGAGGGAGTTTCAGGGCATGTGGACAAGATCAGTTAGGATGACTATGGAGATAGCAGCACCCTAGCGGGTTCCTATAAACCCTACTTACAGGCCTGAACTCAGAGCATATAGTTGAACGGGCCGTTTGCCGCTTCTGGTACTGACGCTTAGCCTGGTGGATTTGTCTACAACTTGTTATTTCCCCCTAGTCGCGCGGCTTGATCCCATTGTGCAACATGATACTGTACGTCGGGTAATTCCAGAATGTCCGATCCAGAACGATGTATGCCCCGGAAGGGGCCCCATCAACAATATCCTATCCGAAGACAAAGATGTGCGGAATGAAATAACCAGACCTGTGGCGTTAAAACCACGCATCTGCACTGGTGGACATCCTTAACAGTCAACTTACGGGCAGGCCTCCGCAGGTTAGCCTGCTTGGCCCATGTTAATTTACGGGATCCACTGG,Sensitive
Sample_9,Staphylococcus aureus,CGCCGTTGGAGTGAGTTGCTCCTTTTTTCCGGATGATAGTGCTCGTTCTAACTCCCGTTCAACAGTCGGCTAACTCCGAGTTAGCTATCATCCGCACGATAAGCCGTTTTGATGTGGCTTTCAGCATTAGCCGGGGAGATCACGGGGTTACTTTCCACCGCTCCTGCTGATGGTGGGGTCACGACCGACTATCCTCACCGATCCCTTCCTACACTCTCTACTCGCTCAGCCCGGGTTCTTGCTACCGTGATCATGATCTCCCCGGCCCGTATAACCCTAGTACTAGGAACGCCGAACATATGTACGGAGTCATAGCCCACTGTCCTTATTGTTGTGACTAAATCAGTCGTCGAGTTAACATGCTGATAGTCCCAAATAAAATCAGCAGTGATACAACTTGTCAGTATATGAGTCAGATAAGCGGACGAGGGACAGGGCCTATGATTATGGTAACAACTGGATGCGGGAATTACACAGGAGATTACTAACCGTCTTCCTAGAGGATTATCATTTGCTACGTTTCCTTGGGCTAAAGGATATTCTCTAGGGCGGGGAGGTCGTTGACGGAGCGACCAGACATTCAGAACTATGTGACTAGGGCGTGGGTCTGATATAATTTAGTCCACCTATACACCAAGAAGGCATAAGTGGTACGGAGCGCGGGGGTTCAACTCGCGAGAGGCCAACTCCATACGTCTGCTCACCATATTATAATCATTGGCGGATTCCCGGATATGTTGAATCTAACACACTAATCCAGGCTCGATCGAGCACGGGACAACCGCTTTGATCTAAGAAAAAATTTACATGATTGGATATGTGGGCGACGCGAAACAGGGTCGGTTTCATCCACAAGATTGGGTGGATTGCAACCCAGAAGGTGCGTAGAGGATTATCGACCGTCTCGTGACTCATTCCTAGGGAGTCCTGTGGGTGCTCACACGCCTGAAAAATATTCAGCAGCGGCTGTCGAGGTTTCCACAAACCTAGCCCGATTATATTCGCTAAAGGTAACGTTTCGTTCCATCGTTACAAGAGAATTCCAGGGGAAGAATGCACAGCCTCATCCCAGATAATGTCGAATCCCCGAGCTCACGGTGAGGACAGCCCTCGTCCAATGTCAAAACATCATGTTCTTTGTCAATGAGCCGCACAATAGTTAGACTGTCCGAACAGTGCGAGCTAGAAATGGATTCGGGAGTTTTTGCAGCTCCGACTATGCCAGGACGTGTTGGACTTGCGCGCCCCGAACCGTTTACGCGGTATAATCTAGAGCTCACGAGTGCCACCTGACGGGCGAATCATAAACGCAAAACCACACTCTCACAGGATGCCACTGGCAACGCCTTGGCGGCCTCACGACATTAAT,Sensitive
Sample_10,Staphylococcus aureus,ATCTGGAACAACGCTGCACAGGCAACAGAACAATCAAAAGTACGAGGAGAGGTCACTATTATGCGCGAGATGGCAACTAAGGCAGTTATATTCGCGCTGAAGGTGGTCGTACTGCTGAAATACTAGAAAGAGAGTTTCTTGACGATTTACGTATAATTGGGAAATTTCCTGCTTCAATCGTGGGCTGCTAGAACCGTGTCAGAATGGATCTGCTTCGGGCCAGATCTTATGTAGACGTTCAAGCCTAATGCACGTATGCTTTTGGTGCATTAACACGTGCCGGGCTTCTCTGGATCGAGCCCGGCCCTGACCAAATGATAACCTTGTGGCGAGGGCATAGGCGCTAGACTATCGCGCGGGAGGGAGCTCGTTGGACTCCCCAATATTAGGGATTTGCCCCAGTCCGTTTCTGTACTTTATCCTGCAACAGCCTTTACAAAAATTATCCGGTGATCGCGTCTACGTGATAGCAGCAGACGGTATCATGATCCAGCAGGTCTCCGCCGTAAGATGCCAATCGGTGCTATGTTGACGTCAAGATACCCCACGAAATCGGCCGGCCCCCAGGTCAGGATACACTGTTTCTTCCGGCTGGACTTACTTGGCGATTGAGTGAATGATCGATAGTAATATTTAACAGCCTTAGCCTACTGAAGGGATTTTCGACTCGACCCGCTACATAGCTCACTACGAAGCGTTCAGTATATAGTCGTAACTTTCATTTTGAAAAGGCCCTCGCACTTGACTCATAAGACACTTAGCCGCCGTTGAGACTAGGAACACAATGGTGTGTACCTACGGTGCGTAATTAGCGTAAAGTTAAACTCAGCCGCGAGACACACAACGGCACCATGACTATACAGTGATCTAGAACATAAACCGAGTTGAAAGTTAGAGTGCAATTTGATCGATGCATTGGTTGTCTCTCCTAACTGTTTCCGCTTGACTCGGAACACGACTCTATGCGGCTCCAGTCTCGCTCAACGTTTTAGCAACCGCCCGTCTCCCTCGAGTATGATCGCGTAAGAGATAGTTGGCCCCCGGTGATACTTTTACCTGAAGCTCCTGGGGCTGAATGCCAATCCGGATACCGCAGCGCGCGTCGTCGTCACCAATCTAGACCTGACTAAGCATCGGAAGGAGTTTCGGAAATAGAAGGCGCATCCTTTAGAGTGTCCAAGCCTCAGACGCTGATGTCAAGAATGTGATCACGATTTCCCCTGAAATAGTTCAATGTTTCTCCGGATCCGAAGAGATAGTTTGGGTGCGTACGCGCTGTCTTAAACTCTTTGAGTCCTCAAGGGATTGTACTCTAATGTGTTCAATATGGCGAACAGGTACCCTCTACGGCAGACATAATAATAATGCGCCCAAGGGAGTTTAACACTTGAAAATATCTGGTGGGTTTTCCCCTGGCTCTAAGTTACCTATACACGGTTTCTAGGGAGCCTGATCAATATTTAGGTATCCGATGATTCTCCAAATCACTA,Resistant
